215nm;260nm
0.0;0.0
0.0;1.0
3.0;4.0
4.0;5.0
4.0;7.0
3.0;4.0
1.0;3.0
-1.0;3.0
0.0;6.0
0.0;6.0
-1.0;5.0
-3.0;6.0
-5.0;6.0
-5.0;7.0
-4.0;10.0
-3.0;14.0
-4.0;13.0
-4.0;11.0
-7.0;11.0
-8.0;11.0
-9.0;6.0
-9.0;5.0
-9.0;6.0
-9.0;8.0
-11.0;4.0
-13.0;1.0
-14.0;2.0
-17.0;0.0
-18.0;-2.0
-19.0;-4.0
-20.0;-7.0
-25.0;-11.0
-27.0;-12.0
-29.0;-12.0
-27.0;-12.0
-30.0;-14.0
-30.0;-11.0
-34.0;-14.0
-32.0;-17.0
-32.0;-20.0
-30.0;-20.0
-29.0;-20.0
-30.0;-21.0
-29.0;-18.0
-31.0;-20.0
-31.0;-23.0
-34.0;-23.0
-32.0;-22.0
-30.0;-24.0
-33.0;-26.0
-34.0;-27.0
-34.0;-28.0
-36.0;-28.0
-36.0;-26.0
-39.0;-25.0
-41.0;-25.0
-42.0;-24.0
-47.0;-23.0
-45.0;-26.0
-44.0;-28.0
-44.0;-29.0
-45.0;-28.0
-45.0;-30.0
-45.0;-28.0
-45.0;-26.0
-45.0;-24.0
-46.0;-21.0
-45.0;-19.0
-45.0;-21.0
-45.0;-22.0
-44.0;-24.0
-41.0;-24.0
-41.0;-22.0
-39.0;-19.0
-40.0;-18.0
-41.0;-17.0
-40.0;-14.0
-38.0;-14.0
-35.0;-13.0
-32.0;-13.0
-35.0;-15.0
-32.0;-14.0
-29.0;-14.0
-29.0;-13.0
-27.0;-13.0
-25.0;-12.0
-21.0;-9.0
-23.0;-7.0
-23.0;-5.0
-23.0;-5.0
-24.0;-4.0
-22.0;-3.0
-23.0;-3.0
-23.0;-5.0
-23.0;-4.0
-23.0;-5.0
-22.0;0.0
-19.0;0.0
-21.0;0.0
-24.0;0.0
-23.0;2.0
-21.0;4.0
-24.0;5.0
-23.0;3.0
-25.0;1.0
-25.0;0.0
-25.0;3.0
-25.0;4.0
-26.0;5.0
-26.0;9.0
-25.0;11.0
-27.0;12.0
-26.0;8.0
-29.0;3.0
-30.0;0.0
-29.0;0.0
-30.0;-1.0
-36.0;-3.0
-38.0;-6.0
-39.0;-8.0
-39.0;-10.0
-42.0;-13.0
-45.0;-17.0
-52.0;-22.0
-58.0;-26.0
-64.0;-32.0
-71.0;-36.0
-79.0;-40.0
-86.0;-43.0
-93.0;-46.0
-100.0;-53.0
-107.0;-60.0
-115.0;-66.0
-120.0;-72.0
-129.0;-81.0
-139.0;-88.0
-150.0;-96.0
-160.0;-105.0
-170.0;-115.0
-178.0;-123.0
-185.0;-130.0
-198.0;-144.0
-209.0;-156.0
-221.0;-170.0
-234.0;-181.0
-247.0;-194.0
-264.0;-207.0
-282.0;-221.0
-303.0;-237.0
-328.0;-253.0
-352.0;-269.0
-379.0;-288.0
-407.0;-306.0
-437.0;-324.0
-465.0;-344.0
-485.0;-363.0
-500.0;-382.0
-506.0;-403.0
-499.0;-421.0
-484.0;-440.0
-457.0;-456.0
-419.0;-472.0
-363.0;-482.0
-293.0;-492.0
-205.0;-498.0
-97.0;-504.0
29.0;-503.0
175.0;-500.0
345.0;-495.0
541.0;-484.0
758.0;-470.0
995.0;-456.0
1262.0;-433.0
1553.0;-407.0
1871.0;-383.0
2223.0;-349.0
2610.0;-315.0
3032.0;-278.0
3493.0;-240.0
3999.0;-199.0
4550.0;-158.0
5152.0;-113.0
5809.0;-69.0
6525.0;-24.0
7295.0;24.0
8120.0;67.0
8999.0;117.0
9923.0;165.0
10892.0;214.0
11889.0;263.0
12901.0;312.0
13920.0;361.0
14924.0;410.0
15902.0;457.0
16836.0;503.0
17719.0;548.0
18540.0;593.0
19294.0;639.0
19972.0;687.0
20585.0;736.0
21123.0;784.0
21587.0;840.0
21967.0;896.0
22262.0;958.0
22464.0;1017.0
22583.0;1085.0
22625.0;1156.0
22599.0;1229.0
22513.0;1304.0
22377.0;1384.0
22195.0;1466.0
21960.0;1550.0
21679.0;1635.0
21341.0;1716.0
20940.0;1795.0
20466.0;1869.0
19922.0;1937.0
19315.0;1996.0
18654.0;2048.0
17951.0;2086.0
17216.0;2122.0
16461.0;2150.0
15688.0;2169.0
14905.0;2177.0
14123.0;2180.0
13340.0;2176.0
12574.0;2167.0
11834.0;2153.0
11127.0;2133.0
10461.0;2109.0
9846.0;2084.0
9285.0;2058.0
8780.0;2033.0
8326.0;2008.0
7923.0;1986.0
7568.0;1970.0
7253.0;1950.0
6976.0;1932.0
6730.0;1917.0
6511.0;1902.0
6315.0;1883.0
6144.0;1854.0
6008.0;1804.0
5949.0;1739.0
6023.0;1671.0
6241.0;1609.0
6657.0;1562.0
7311.0;1551.0
8108.0;1572.0
8969.0;1597.0
9864.0;1641.0
10765.0;1689.0
11644.0;1739.0
12485.0;1787.0
13286.0;1830.0
14042.0;1871.0
14733.0;1904.0
15355.0;1943.0
15890.0;2011.0
16282.0;2098.0
16467.0;2192.0
16439.0;2295.0
16150.0;2402.0
15582.0;2511.0
14850.0;2650.0
14049.0;2859.0
13220.0;3145.0
12409.0;3532.0
11653.0;4035.0
10975.0;4657.0
10384.0;5407.0
9888.0;6284.0
9511.0;7302.0
9271.0;8456.0
9174.0;9735.0
9239.0;11157.0
9481.0;12708.0
9888.0;14383.0
10451.0;16161.0
11143.0;18008.0
11933.0;19889.0
12797.0;21773.0
13717.0;23627.0
14679.0;25437.0
15660.0;27187.0
16652.0;28876.0
17638.0;30505.0
18624.0;32081.0
19605.0;33607.0
20565.0;35080.0
21506.0;36506.0
22415.0;37866.0
23267.0;39157.0
24040.0;40353.0
24720.0;41454.0
25307.0;42465.0
25821.0;43404.0
26300.0;44302.0
26790.0;45203.0
27328.0;46125.0
27945.0;47093.0
28645.0;48112.0
29405.0;49153.0
30177.0;50186.0
30897.0;51173.0
31523.0;52096.0
32010.0;52938.0
32333.0;53697.0
32493.0;54393.0
32505.0;55052.0
32380.0;55702.0
32133.0;56374.0
31766.0;57064.0
31262.0;57769.0
30592.0;58458.0
29733.0;59090.0
28676.0;59610.0
27427.0;59964.0
26033.0;60106.0
24534.0;59981.0
22992.0;59564.0
21455.0;58817.0
19959.0;57726.0
18536.0;56297.0
17201.0;54541.0
15965.0;52493.0
14836.0;50181.0
13805.0;47628.0
12862.0;44869.0
12000.0;41933.0
11211.0;38848.0
10492.0;35666.0
9831.0;32433.0
9216.0;29208.0
8634.0;26061.0
8095.0;23073.0
7597.0;20295.0
7126.0;17778.0
6696.0;15552.0
6293.0;13612.0
5917.0;11957.0
5574.0;10552.0
5248.0;9362.0
4941.0;8355.0
4661.0;7503.0
4392.0;6772.0
4144.0;6142.0
3901.0;5584.0
3672.0;5094.0
3458.0;4658.0
3261.0;4272.0
3073.0;3923.0
2898.0;3612.0
2737.0;3333.0
2581.0;3079.0
2437.0;2851.0
2301.0;2643.0
2170.0;2450.0
2054.0;2277.0
1943.0;2120.0
1838.0;1976.0
1746.0;1843.0
1655.0;1721.0
1572.0;1607.0
1494.0;1499.0
1420.0;1400.0
1350.0;1311.0
1285.0;1228.0
1222.0;1149.0
1165.0;1077.0
1113.0;1008.0
1066.0;948.0
1021.0;890.0
980.0;837.0
940.0;790.0
906.0;748.0
875.0;708.0
847.0;671.0
827.0;641.0
809.0;613.0
793.0;587.0
780.0;566.0
771.0;546.0
763.0;529.0
758.0;515.0
753.0;504.0
751.0;492.0
750.0;482.0
751.0;471.0
751.0;465.0
756.0;455.0
760.0;444.0
768.0;437.0
778.0;432.0
787.0;421.0
799.0;409.0
818.0;400.0
838.0;386.0
862.0;375.0
890.0;360.0
923.0;341.0
962.0;326.0
1003.0;308.0
1047.0;287.0
1096.0;271.0
1148.0;253.0
1203.0;235.0
1263.0;217.0
1320.0;195.0
1379.0;174.0
1439.0;155.0
1502.0;143.0
1560.0;129.0
1616.0;117.0
1665.0;102.0
1715.0;92.0
1760.0;87.0
1801.0;78.0
1834.0;75.0
1863.0;73.0
1883.0;69.0
1900.0;66.0
1907.0;68.0
1905.0;66.0
1897.0;70.0
1876.0;73.0
1849.0;77.0
1812.0;78.0
1768.0;80.0
1716.0;82.0
1661.0;86.0
1598.0;85.0
1532.0;84.0
1460.0;83.0
1387.0;83.0
1310.0;82.0
1236.0;80.0
1156.0;77.0
1078.0;74.0
1002.0;71.0
929.0;70.0
864.0;66.0
804.0;60.0
745.0;57.0
692.0;51.0
644.0;47.0
598.0;41.0
562.0;41.0
524.0;38.0
495.0;41.0
470.0;39.0
450.0;41.0
436.0;45.0
428.0;49.0
426.0;49.0
427.0;55.0
435.0;58.0
444.0;63.0
455.0;69.0
475.0;73.0
497.0;80.0
522.0;84.0
557.0;91.0
595.0;98.0
643.0;104.0
702.0;111.0
772.0;116.0
857.0;120.0
960.0;127.0
1086.0;132.0
1238.0;142.0
1418.0;150.0
1620.0;160.0
1855.0;170.0
2117.0;182.0
2399.0;197.0
2695.0;208.0
3004.0;223.0
3309.0;234.0
3610.0;246.0
3897.0;258.0
4160.0;267.0
4396.0;280.0
4594.0;291.0
4748.0;296.0
4859.0;304.0
4918.0;308.0
4925.0;310.0
4884.0;310.0
4790.0;308.0
4648.0;305.0
4468.0;301.0
4259.0;298.0
4021.0;294.0
3769.0;286.0
3507.0;278.0
3241.0;272.0
2980.0;268.0
2728.0;258.0
2490.0;251.0
2270.0;246.0
2064.0;241.0
1875.0;234.0
1706.0;232.0
1553.0;229.0
1416.0;225.0
1295.0;223.0
1183.0;219.0
1086.0;216.0
999.0;214.0
925.0;214.0
858.0;214.0
800.0;214.0
751.0;209.0
710.0;210.0
676.0;212.0
651.0;213.0
633.0;213.0
620.0;216.0
616.0;215.0
611.0;214.0
615.0;214.0
621.0;215.0
634.0;219.0
647.0;221.0
662.0;223.0
675.0;225.0
691.0;223.0
707.0;225.0
725.0;227.0
740.0;231.0
754.0;230.0
767.0;233.0
781.0;237.0
796.0;238.0
810.0;243.0
830.0;248.0
845.0;251.0
864.0;256.0
882.0;260.0
903.0;262.0
922.0;264.0
943.0;269.0
960.0;279.0
978.0;283.0
990.0;287.0
1002.0;288.0
1011.0;293.0
1015.0;292.0
1013.0;293.0
1006.0;294.0
992.0;291.0
973.0;289.0
951.0;290.0
920.0;282.0
886.0;277.0
850.0;274.0
808.0;268.0
769.0;264.0
727.0;255.0
684.0;246.0
641.0;240.0
600.0;236.0
561.0;229.0
524.0;223.0
492.0;216.0
459.0;212.0
428.0;205.0
399.0;201.0
374.0;196.0
353.0;191.0
331.0;189.0
312.0;184.0
295.0;182.0
274.0;178.0
259.0;175.0
246.0;171.0
234.0;167.0
223.0;166.0
211.0;161.0
202.0;160.0
191.0;156.0
184.0;153.0
178.0;153.0
173.0;148.0
165.0;144.0
158.0;143.0
155.0;141.0
148.0;140.0
146.0;136.0
145.0;137.0
140.0;135.0
136.0;132.0
134.0;129.0
133.0;127.0
133.0;127.0
133.0;125.0
133.0;123.0
133.0;119.0
130.0;117.0
129.0;119.0
131.0;118.0
132.0;117.0
129.0;114.0
133.0;110.0
133.0;108.0
132.0;105.0
135.0;105.0
137.0;106.0
140.0;106.0
136.0;102.0
138.0;101.0
138.0;102.0
134.0;100.0
134.0;101.0
129.0;99.0
125.0;97.0
125.0;98.0
123.0;98.0
122.0;98.0
117.0;99.0
113.0;98.0
108.0;95.0
104.0;94.0
97.0;92.0
90.0;90.0
86.0;89.0
80.0;87.0
72.0;83.0
68.0;82.0
62.0;81.0
61.0;78.0
57.0;75.0
51.0;73.0
46.0;70.0
41.0;67.0
37.0;63.0
34.0;59.0
32.0;58.0
27.0;54.0
26.0;50.0
21.0;47.0
18.0;44.0
12.0;41.0
9.0;39.0
6.0;38.0
6.0;34.0
0.0;31.0
-1.0;33.0
-6.0;33.0
-9.0;31.0
-9.0;33.0
-13.0;30.0
-15.0;29.0
-17.0;27.0
-17.0;27.0
-17.0;27.0
-16.0;28.0
-16.0;29.0
-17.0;28.0
-16.0;27.0
-14.0;25.0
-15.0;25.0
-15.0;26.0
-13.0;21.0
-12.0;16.0
-10.0;16.0
-12.0;15.0
-10.0;13.0
-6.0;13.0
-8.0;11.0
-7.0;10.0
-9.0;7.0
-7.0;5.0
-6.0;1.0
-4.0;2.0
-4.0;1.0
-4.0;1.0
-3.0;2.0
-3.0;1.0
-3.0;2.0
-3.0;2.0
-1.0;2.0
-3.0;-3.0
0.0;0.0
-1.0;0.0
-1.0;2.0
-2.0;5.0
0.0;2.0
-1.0;0.0
-3.0;1.0
-1.0;0.0
-3.0;0.0
-2.0;-2.0
-6.0;-3.0
-7.0;-5.0
-6.0;-4.0
-8.0;-5.0
-9.0;-5.0
-9.0;-2.0
-12.0;-8.0
-12.0;-9.0
-15.0;-13.0
-14.0;-13.0
-15.0;-12.0
-15.0;-11.0
-16.0;-11.0
-20.0;-14.0
-18.0;-14.0
-17.0;-14.0
-15.0;-15.0
-16.0;-14.0
-18.0;-17.0
-21.0;-21.0
-23.0;-23.0
-23.0;-23.0
-24.0;-23.0
-28.0;-21.0
-26.0;-17.0
-28.0;-20.0
-29.0;-20.0
-31.0;-19.0
-31.0;-21.0
-31.0;-21.0
-35.0;-23.0
-37.0;-23.0
-39.0;-23.0
-39.0;-23.0
-38.0;-26.0
-35.0;-24.0
-38.0;-24.0
-37.0;-23.0
-36.0;-21.0
-37.0;-25.0
-35.0;-24.0
-36.0;-26.0
-34.0;-28.0
-33.0;-29.0
-32.0;-25.0
-31.0;-24.0
-28.0;-23.0
-29.0;-26.0
-25.0;-26.0
-25.0;-25.0
-25.0;-21.0
-23.0;-18.0
-22.0;-20.0
-20.0;-20.0
-19.0;-23.0
-15.0;-21.0
-16.0;-23.0
-14.0;-18.0
-16.0;-17.0
-14.0;-14.0
-14.0;-13.0
-13.0;-11.0
-11.0;-10.0
-9.0;-8.0
-10.0;-9.0
-5.0;-6.0
-3.0;-4.0
-2.0;-6.0
3.0;0.0
1.0;0.0
3.0;5.0
5.0;5.0
7.0;7.0
11.0;4.0
14.0;8.0
16.0;6.0
17.0;8.0
20.0;9.0
22.0;10.0
26.0;14.0
29.0;16.0
26.0;16.0
29.0;19.0
30.0;22.0
29.0;20.0
34.0;21.0
36.0;21.0
34.0;23.0
34.0;24.0
34.0;28.0
35.0;28.0
39.0;32.0
41.0;31.0
43.0;31.0
43.0;31.0
45.0;34.0
48.0;35.0
52.0;37.0
52.0;37.0
54.0;39.0
57.0;42.0
55.0;47.0
58.0;48.0
62.0;50.0
64.0;56.0
68.0;57.0
71.0;61.0
70.0;61.0
68.0;63.0
68.0;64.0
71.0;67.0
70.0;64.0
71.0;65.0
73.0;65.0
75.0;65.0
75.0;66.0
77.0;65.0
82.0;63.0
83.0;61.0
82.0;60.0
83.0;56.0
83.0;57.0
81.0;54.0
82.0;55.0
85.0;53.0
87.0;56.0
87.0;56.0
89.0;56.0
90.0;56.0
89.0;56.0
90.0;56.0
90.0;54.0
89.0;53.0
88.0;56.0
88.0;59.0
90.0;59.0
91.0;60.0
91.0;59.0
93.0;61.0
94.0;62.0
94.0;63.0
92.0;63.0
92.0;61.0
92.0;62.0
91.0;62.0
92.0;65.0
91.0;65.0
94.0;65.0
96.0;67.0
94.0;62.0
93.0;61.0
92.0;62.0
92.0;62.0
91.0;62.0
91.0;57.0
91.0;58.0
91.0;59.0
93.0;58.0
93.0;58.0
90.0;58.0
90.0;59.0
90.0;57.0
92.0;57.0
89.0;57.0
89.0;59.0
91.0;61.0
92.0;61.0
94.0;59.0
94.0;59.0
94.0;58.0
94.0;62.0
94.0;59.0
91.0;58.0
93.0;60.0
92.0;60.0
95.0;59.0
96.0;58.0
95.0;61.0
94.0;57.0
94.0;59.0
95.0;57.0
94.0;56.0
91.0;56.0
90.0;57.0
91.0;59.0
91.0;61.0
92.0;58.0
91.0;60.0
94.0;63.0
93.0;60.0
96.0;64.0
96.0;63.0
96.0;66.0
95.0;62.0
97.0;68.0
96.0;67.0
97.0;68.0
99.0;71.0
103.0;71.0
105.0;72.0
105.0;73.0
106.0;77.0
106.0;78.0
108.0;79.0
109.0;79.0
110.0;83.0
112.0;83.0
113.0;87.0
113.0;84.0
117.0;87.0
118.0;88.0
120.0;88.0
123.0;91.0
122.0;89.0
124.0;89.0
125.0;90.0
129.0;89.0
128.0;88.0
131.0;91.0
133.0;94.0
134.0;92.0
136.0;90.0
136.0;90.0
138.0;91.0
140.0;95.0
138.0;92.0
139.0;92.0
138.0;92.0
138.0;92.0
141.0;95.0
141.0;97.0
139.0;97.0
139.0;96.0
141.0;97.0
141.0;95.0
140.0;94.0
141.0;95.0
141.0;95.0
139.0;93.0
138.0;94.0
139.0;91.0
142.0;93.0
141.0;93.0
140.0;93.0
140.0;92.0
138.0;92.0
137.0;88.0
139.0;91.0
138.0;91.0
137.0;89.0
138.0;88.0
140.0;86.0
139.0;87.0
138.0;87.0
138.0;86.0
137.0;85.0
138.0;85.0
136.0;85.0
137.0;86.0
138.0;85.0
137.0;84.0
136.0;83.0
135.0;81.0
133.0;77.0
134.0;78.0
133.0;77.0
132.0;81.0
131.0;80.0
128.0;79.0
128.0;76.0
128.0;80.0
129.0;82.0
127.0;81.0
129.0;82.0
126.0;78.0
126.0;76.0
125.0;77.0
126.0;80.0
127.0;80.0
125.0;80.0
124.0;81.0
126.0;83.0
126.0;81.0
125.0;83.0
126.0;85.0
126.0;84.0
128.0;82.0
128.0;79.0
131.0;80.0
131.0;78.0
133.0;80.0
132.0;80.0
132.0;80.0
132.0;78.0
133.0;80.0
134.0;81.0
132.0;76.0
132.0;76.0
131.0;77.0
129.0;76.0
128.0;77.0
127.0;77.0
123.0;77.0
122.0;76.0
120.0;76.0
116.0;76.0
114.0;77.0
113.0;77.0
113.0;76.0
112.0;75.0
109.0;74.0
111.0;75.0
112.0;78.0
111.0;73.0
112.0;69.0
112.0;67.0
113.0;64.0
111.0;66.0
112.0;67.0
111.0;68.0
112.0;66.0
114.0;64.0
113.0;64.0
113.0;64.0
112.0;63.0
112.0;63.0
113.0;64.0
111.0;62.0
111.0;61.0
114.0;63.0
110.0;66.0
111.0;66.0
110.0;66.0
110.0;65.0
111.0;62.0
112.0;58.0
110.0;57.0
109.0;57.0
108.0;57.0
109.0;54.0
109.0;53.0
109.0;51.0
108.0;47.0
108.0;50.0
110.0;50.0
106.0;51.0
108.0;49.0
108.0;50.0
108.0;49.0
106.0;46.0
105.0;47.0
106.0;48.0
103.0;49.0
105.0;49.0
102.0;43.0
102.0;45.0
101.0;46.0
98.0;48.0
98.0;50.0
95.0;48.0
91.0;47.0
91.0;44.0
90.0;44.0
89.0;42.0
86.0;39.0
86.0;40.0
85.0;38.0
85.0;38.0
86.0;39.0
84.0;38.0
82.0;40.0
78.0;38.0
77.0;37.0
77.0;34.0
75.0;29.0
76.0;28.0
76.0;28.0
74.0;29.0
73.0;30.0
71.0;29.0
70.0;31.0
70.0;31.0
66.0;28.0
63.0;28.0
60.0;29.0
59.0;28.0
63.0;29.0
64.0;28.0
64.0;27.0
66.0;28.0
65.0;32.0
65.0;32.0
64.0;36.0
65.0;37.0
65.0;38.0
68.0;35.0
70.0;36.0
72.0;39.0
75.0;43.0
76.0;42.0
77.0;41.0
78.0;44.0
81.0;45.0
82.0;49.0
83.0;52.0
81.0;53.0
86.0;56.0
85.0;59.0
88.0;59.0
90.0;62.0
92.0;66.0
91.0;71.0
92.0;73.0
94.0;73.0
98.0;75.0
100.0;78.0
103.0;80.0
106.0;85.0
105.0;87.0
108.0;91.0
112.0;92.0
114.0;95.0
114.0;92.0
118.0;93.0
121.0;94.0
124.0;95.0
125.0;96.0
128.0;98.0
130.0;100.0
131.0;101.0
131.0;103.0
134.0;107.0
137.0;109.0
140.0;106.0
142.0;104.0
141.0;104.0
141.0;106.0
144.0;107.0
146.0;108.0
145.0;108.0
142.0;108.0
141.0;106.0
143.0;108.0
144.0;107.0
145.0;109.0
149.0;109.0
148.0;107.0
147.0;106.0
148.0;107.0
145.0;107.0
145.0;110.0
146.0;111.0
146.0;110.0
145.0;109.0
145.0;108.0
146.0;108.0
149.0;108.0
148.0;107.0
148.0;105.0
149.0;106.0
147.0;105.0
147.0;107.0
149.0;108.0
150.0;109.0
146.0;105.0
148.0;109.0
149.0;111.0
150.0;112.0
152.0;111.0
153.0;115.0
154.0;117.0
154.0;119.0
156.0;119.0
159.0;122.0
160.0;122.0
161.0;125.0
161.0;125.0
160.0;123.0
162.0;127.0
162.0;128.0
166.0;132.0
167.0;131.0
165.0;127.0
167.0;127.0
169.0;129.0
170.0;129.0
171.0;131.0
173.0;135.0
172.0;137.0
173.0;138.0
173.0;141.0
175.0;140.0
176.0;142.0
179.0;147.0
175.0;144.0
175.0;143.0
176.0;145.0
176.0;147.0
180.0;151.0
179.0;150.0
178.0;152.0
179.0;152.0
181.0;154.0
182.0;154.0
185.0;156.0
184.0;153.0
188.0;153.0
187.0;153.0
187.0;153.0
189.0;152.0
191.0;150.0
192.0;152.0
194.0;152.0
198.0;155.0
201.0;154.0
204.0;157.0
200.0;157.0
200.0;155.0
201.0;153.0
201.0;153.0
200.0;151.0
201.0;154.0
197.0;152.0
198.0;155.0
197.0;152.0
198.0;155.0
202.0;160.0
201.0;158.0
200.0;158.0
200.0;157.0
198.0;155.0
197.0;156.0
201.0;155.0
203.0;154.0
202.0;154.0
203.0;153.0
207.0;157.0
210.0;156.0
216.0;159.0
220.0;160.0
226.0;161.0
228.0;162.0
233.0;164.0
243.0;167.0
255.0;173.0
264.0;176.0
277.0;182.0
296.0;189.0
313.0;199.0
336.0;213.0
360.0;227.0
389.0;245.0
422.0;261.0
458.0;285.0
504.0;310.0
555.0;339.0
612.0;375.0
681.0;412.0
756.0;456.0
843.0;508.0
942.0;565.0
1059.0;635.0
1192.0;714.0
1347.0;808.0
1525.0;911.0
1728.0;1028.0
1964.0;1166.0
2234.0;1321.0
2539.0;1498.0
2889.0;1703.0
3290.0;1935.0
3750.0;2200.0
4272.0;2501.0
4863.0;2843.0
5536.0;3233.0
6296.0;3674.0
7151.0;4170.0
8116.0;4731.0
9199.0;5361.0
10406.0;6064.0
11753.0;6851.0
13254.0;7723.0
14915.0;8689.0
16749.0;9756.0
18773.0;10937.0
20989.0;12226.0
23408.0;13637.0
26036.0;15173.0
28887.0;16839.0
31966.0;18633.0
35271.0;20564.0
38807.0;22626.0
42570.0;24825.0
46555.0;27150.0
50762.0;29607.0
55181.0;32182.0
59794.0;34875.0
64585.0;37673.0
69534.0;40559.0
74621.0;43526.0
79817.0;46553.0
85095.0;49628.0
90422.0;52729.0
95763.0;55835.0
101078.0;58924.0
106332.0;61979.0
111482.0;64968.0
116487.0;67875.0
121307.0;70668.0
125905.0;73330.0
130229.0;75835.0
134247.0;78161.0
137932.0;80289.0
141243.0;82203.0
144158.0;83887.0
146647.0;85320.0
148690.0;86499.0
150274.0;87414.0
151395.0;88059.0
152044.0;88435.0
152224.0;88538.0
151938.0;88372.0
151204.0;87948.0
150033.0;87269.0
148456.0;86357.0
146489.0;85216.0
144159.0;83863.0
141501.0;82323.0
138542.0;80609.0
135325.0;78741.0
131875.0;76742.0
128236.0;74631.0
124440.0;72428.0
120523.0;70148.0
116511.0;67813.0
112439.0;65444.0
108333.0;63054.0
104233.0;60666.0
100151.0;58285.0
96115.0;55936.0
92140.0;53616.0
88249.0;51347.0
84456.0;49137.0
80767.0;46987.0
77201.0;44906.0
73756.0;42895.0
70445.0;40960.0
67264.0;39104.0
64219.0;37327.0
61307.0;35631.0
58527.0;34014.0
55877.0;32469.0
53355.0;31001.0
50951.0;29602.0
48659.0;28272.0
46479.0;27003.0
44400.0;25797.0
42420.0;24644.0
40529.0;23543.0
38723.0;22495.0
36990.0;21488.0
35333.0;20528.0
33737.0;19604.0
32206.0;18716.0
30725.0;17858.0
29296.0;17028.0
27917.0;16227.0
26580.0;15453.0
25284.0;14698.0
24027.0;13967.0
22808.0;13257.0
21621.0;12566.0
20470.0;11899.0
19351.0;11252.0
18265.0;10624.0
17207.0;10008.0
16187.0;9415.0
15193.0;8840.0
14238.0;8286.0
13317.0;7755.0
12433.0;7241.0
11582.0;6749.0
10764.0;6277.0
9986.0;5825.0
9244.0;5397.0
8539.0;4988.0
7876.0;4602.0
7247.0;4242.0
6658.0;3901.0
6107.0;3582.0
5590.0;3284.0
5114.0;3009.0
4669.0;2751.0
4262.0;2515.0
3887.0;2297.0
3542.0;2095.0
3225.0;1912.0
2941.0;1747.0
2683.0;1596.0
2450.0;1461.0
2240.0;1338.0
2051.0;1230.0
1880.0;1133.0
1730.0;1047.0
1596.0;969.0
1474.0;900.0
1370.0;841.0
1278.0;790.0
1196.0;740.0
1123.0;697.0
1057.0;661.0
1001.0;629.0
953.0;601.0
907.0;575.0
868.0;552.0
834.0;534.0
804.0;518.0
778.0;506.0
757.0;493.0
734.0;479.0
714.0;468.0
697.0;461.0
681.0;449.0
669.0;443.0
656.0;439.0
643.0;431.0
635.0;429.0
624.0;422.0
615.0;419.0
608.0;415.0
599.0;411.0
590.0;406.0
583.0;403.0
578.0;402.0
571.0;397.0
567.0;396.0
562.0;394.0
557.0;392.0
553.0;390.0
547.0;384.0
543.0;382.0
541.0;381.0
538.0;378.0
532.0;375.0
529.0;372.0
524.0;371.0
524.0;373.0
525.0;372.0
522.0;370.0
516.0;365.0
515.0;366.0
514.0;366.0
514.0;366.0
512.0;365.0
513.0;367.0
510.0;366.0
511.0;368.0
512.0;369.0
510.0;369.0
509.0;371.0
509.0;371.0
510.0;371.0
506.0;368.0
504.0;368.0
508.0;372.0
509.0;373.0
506.0;372.0
503.0;372.0
504.0;370.0
503.0;370.0
502.0;370.0
499.0;368.0
496.0;368.0
494.0;368.0
492.0;368.0
492.0;367.0
491.0;365.0
489.0;362.0
488.0;363.0
486.0;362.0
484.0;358.0
484.0;357.0
483.0;354.0
481.0;351.0
478.0;350.0
478.0;347.0
475.0;343.0
475.0;346.0
469.0;342.0
468.0;341.0
467.0;339.0
463.0;334.0
458.0;333.0
457.0;336.0
454.0;333.0
454.0;331.0
449.0;330.0
447.0;326.0
446.0;328.0
443.0;327.0
442.0;324.0
439.0;322.0
435.0;322.0
430.0;315.0
432.0;314.0
426.0;309.0
425.0;307.0
424.0;309.0
421.0;308.0
416.0;303.0
413.0;302.0
410.0;299.0
407.0;295.0
402.0;291.0
402.0;285.0
399.0;282.0
394.0;281.0
390.0;277.0
389.0;273.0
389.0;271.0
382.0;266.0
383.0;265.0
379.0;262.0
377.0;258.0
373.0;253.0
373.0;250.0
369.0;247.0
369.0;246.0
366.0;247.0
363.0;249.0
357.0;246.0
355.0;246.0
353.0;244.0
349.0;243.0
345.0;240.0
341.0;233.0
340.0;235.0
336.0;233.0
334.0;229.0
331.0;226.0
329.0;226.0
327.0;225.0
322.0;222.0
318.0;220.0
316.0;216.0
314.0;214.0
312.0;212.0
311.0;209.0
308.0;210.0
305.0;207.0
306.0;207.0
305.0;211.0
304.0;206.0
300.0;203.0
298.0;202.0
296.0;202.0
295.0;200.0
292.0;196.0
291.0;199.0
290.0;196.0
288.0;196.0
284.0;194.0
283.0;192.0
280.0;187.0
279.0;187.0
276.0;184.0
272.0;182.0
269.0;184.0
266.0;183.0
266.0;182.0
264.0;181.0
260.0;178.0
258.0;176.0
257.0;175.0
257.0;172.0
257.0;169.0
256.0;169.0
255.0;171.0
252.0;168.0
250.0;166.0
247.0;163.0
248.0;162.0
245.0;163.0
244.0;159.0
243.0;158.0
239.0;158.0
235.0;157.0
235.0;156.0
232.0;157.0
229.0;157.0
223.0;154.0
221.0;151.0
219.0;148.0
218.0;146.0
214.0;145.0
215.0;143.0
213.0;142.0
213.0;143.0
209.0;140.0
205.0;139.0
204.0;140.0
201.0;134.0
200.0;134.0
198.0;135.0
197.0;131.0
194.0;130.0
193.0;130.0
192.0;129.0
189.0;127.0
187.0;122.0
186.0;122.0
183.0;125.0
180.0;123.0
180.0;121.0
179.0;119.0
180.0;121.0
176.0;119.0
176.0;118.0
173.0;117.0
173.0;116.0
172.0;116.0
172.0;115.0
173.0;116.0
171.0;114.0
170.0;113.0
169.0;113.0
167.0;111.0
165.0;110.0
165.0;111.0
163.0;110.0
162.0;108.0
161.0;106.0
163.0;104.0
164.0;106.0
163.0;104.0
161.0;103.0
160.0;100.0
159.0;99.0
158.0;96.0
158.0;98.0
155.0;97.0
152.0;93.0
153.0;93.0
155.0;91.0
154.0;91.0
153.0;90.0
152.0;89.0
152.0;90.0
150.0;89.0
148.0;89.0
147.0;88.0
143.0;86.0
142.0;89.0
138.0;88.0
138.0;88.0
136.0;85.0
136.0;85.0
139.0;87.0
136.0;85.0
131.0;84.0
129.0;83.0
129.0;81.0
130.0;81.0
126.0;75.0
126.0;73.0
127.0;72.0
127.0;69.0
129.0;70.0
129.0;68.0
127.0;64.0
124.0;64.0
123.0;63.0
120.0;62.0
119.0;60.0
120.0;60.0
116.0;56.0
117.0;56.0
115.0;55.0
114.0;53.0
115.0;57.0
116.0;58.0
113.0;57.0
110.0;57.0
109.0;57.0
109.0;55.0
109.0;56.0
110.0;55.0
110.0;57.0
111.0;55.0
110.0;55.0
110.0;57.0
113.0;59.0
111.0;58.0
109.0;58.0
107.0;56.0
104.0;56.0
102.0;54.0
101.0;51.0
102.0;49.0
100.0;51.0
94.0;51.0
93.0;51.0
90.0;50.0
88.0;46.0
84.0;46.0
81.0;43.0
77.0;39.0
74.0;39.0
74.0;38.0
75.0;36.0
73.0;35.0
73.0;35.0
69.0;30.0
66.0;32.0
65.0;31.0
62.0;26.0
63.0;24.0
62.0;22.0
60.0;20.0
59.0;22.0
60.0;20.0
58.0;21.0
57.0;24.0
54.0;19.0
50.0;15.0
46.0;14.0
45.0;13.0
43.0;9.0
42.0;11.0
41.0;9.0
40.0;9.0
41.0;11.0
41.0;11.0
39.0;13.0
37.0;9.0
35.0;8.0
33.0;8.0
31.0;5.0
32.0;5.0
32.0;7.0
30.0;6.0
30.0;5.0
29.0;7.0
27.0;8.0
25.0;6.0
25.0;7.0
20.0;4.0
18.0;3.0
18.0;1.0
17.0;-2.0
17.0;0.0
17.0;0.0
16.0;-4.0
17.0;-6.0
15.0;-8.0
16.0;-7.0
14.0;-5.0
14.0;-5.0
13.0;-6.0
11.0;-8.0
14.0;-5.0
12.0;-7.0
13.0;-5.0
12.0;-7.0
12.0;-5.0
12.0;-3.0
12.0;-3.0
11.0;-4.0
10.0;-2.0
7.0;-1.0
9.0;0.0
8.0;-2.0
9.0;0.0
9.0;0.0
8.0;0.0
11.0;0.0
11.0;-1.0
13.0;-3.0
16.0;-4.0
17.0;0.0
16.0;0.0
16.0;0.0
17.0;1.0
16.0;0.0
17.0;3.0
17.0;5.0
16.0;6.0
17.0;8.0
18.0;8.0
20.0;8.0
23.0;7.0
20.0;4.0
19.0;4.0
21.0;5.0
20.0;5.0
19.0;1.0
20.0;1.0
22.0;0.0
20.0;-2.0
20.0;-1.0
19.0;-2.0
18.0;-2.0
18.0;-3.0
18.0;-6.0
16.0;-13.0
14.0;-11.0
13.0;-7.0
14.0;-1.0
13.0;0.0
11.0;0.0
9.0;1.0
8.0;0.0
7.0;0.0
5.0;-1.0
7.0;0.0
7.0;-3.0
7.0;-5.0
6.0;-6.0
5.0;-7.0
5.0;-7.0
3.0;-2.0
1.0;-5.0
0.0;-8.0
1.0;-10.0
2.0;-13.0
3.0;-13.0
2.0;-17.0
0.0;-14.0
-2.0;-14.0
-2.0;-14.0
-2.0;-17.0
-3.0;-14.0
-5.0;-12.0
-3.0;-12.0
-2.0;-12.0
-4.0;-9.0
-1.0;-9.0
0.0;-9.0
1.0;-11.0
-1.0;-13.0
-2.0;-11.0
-4.0;-10.0
-4.0;-9.0
-2.0;-7.0
-3.0;-9.0
-4.0;-9.0
-3.0;-6.0
-1.0;-7.0
1.0;-8.0
1.0;-11.0
0.0;-10.0
2.0;-9.0
2.0;-8.0
3.0;-8.0
3.0;-6.0
1.0;-4.0
3.0;-4.0
6.0;-6.0
10.0;-7.0
10.0;-6.0
12.0;-3.0
12.0;-2.0
11.0;-1.0
11.0;-1.0
12.0;0.0
12.0;3.0
13.0;2.0
12.0;0.0
15.0;1.0
14.0;0.0
14.0;1.0
17.0;2.0
13.0;0.0
13.0;2.0
13.0;5.0
14.0;5.0
15.0;3.0
16.0;5.0
17.0;3.0
17.0;3.0
17.0;2.0
19.0;5.0
19.0;5.0
20.0;6.0
18.0;4.0
18.0;9.0
20.0;9.0
21.0;9.0
23.0;12.0
23.0;15.0
22.0;14.0
22.0;14.0
23.0;17.0
25.0;17.0
27.0;18.0
26.0;18.0
27.0;22.0
27.0;24.0
29.0;24.0
28.0;23.0
29.0;24.0
29.0;24.0
29.0;24.0
28.0;26.0
34.0;26.0
33.0;25.0
35.0;26.0
34.0;26.0
35.0;29.0
34.0;32.0
33.0;32.0
36.0;32.0
36.0;30.0
36.0;30.0
37.0;31.0
40.0;34.0
41.0;36.0
43.0;35.0
42.0;34.0
46.0;35.0
44.0;33.0
45.0;33.0
47.0;35.0
47.0;35.0
49.0;34.0
49.0;32.0
54.0;33.0
55.0;35.0
56.0;36.0
55.0;35.0
54.0;36.0
54.0;36.0
56.0;38.0
56.0;37.0
58.0;41.0
57.0;36.0
57.0;39.0
56.0;41.0
56.0;42.0
56.0;41.0
54.0;43.0
53.0;47.0
52.0;49.0
50.0;47.0
52.0;46.0
52.0;48.0
51.0;43.0
52.0;44.0
51.0;44.0
49.0;45.0
49.0;46.0
49.0;50.0
45.0;47.0
46.0;46.0
46.0;47.0
46.0;48.0
45.0;44.0
46.0;38.0
45.0;36.0
45.0;34.0
45.0;37.0
45.0;37.0
47.0;39.0
47.0;35.0
47.0;36.0
47.0;36.0
47.0;34.0
48.0;33.0
50.0;33.0
48.0;34.0
45.0;31.0
46.0;32.0
48.0;33.0
48.0;36.0
48.0;39.0
47.0;41.0
48.0;40.0
48.0;39.0
47.0;39.0
47.0;42.0
47.0;42.0
47.0;41.0
43.0;41.0
44.0;44.0
43.0;45.0
44.0;45.0
47.0;47.0
49.0;46.0
47.0;42.0
44.0;40.0
44.0;39.0
42.0;37.0
43.0;38.0
42.0;37.0
41.0;39.0
39.0;37.0
36.0;35.0
37.0;34.0
40.0;36.0
38.0;33.0
36.0;29.0
36.0;25.0
36.0;24.0
33.0;23.0
33.0;23.0
35.0;23.0
34.0;20.0
35.0;22.0
32.0;20.0
29.0;18.0
31.0;17.0
30.0;18.0
31.0;16.0
29.0;16.0
25.0;10.0
24.0;6.0
23.0;9.0
21.0;11.0
19.0;8.0
18.0;7.0
15.0;3.0
14.0;2.0
15.0;4.0
15.0;4.0
15.0;3.0
14.0;2.0
10.0;-1.0
10.0;-3.0
9.0;-3.0
9.0;-5.0
11.0;-3.0
11.0;-3.0
10.0;-2.0
9.0;-3.0
7.0;-3.0
9.0;0.0
9.0;2.0
9.0;1.0
6.0;0.0
7.0;-1.0
5.0;-4.0
4.0;-1.0
5.0;0.0
3.0;0.0
3.0;-1.0
1.0;-1.0
1.0;-1.0
0.0;-4.0
0.0;-4.0
1.0;-5.0
2.0;-7.0
1.0;-10.0
3.0;-8.0
0.0;-9.0
1.0;-9.0
2.0;-8.0
3.0;-8.0
1.0;-11.0
3.0;-8.0
4.0;-8.0
7.0;-6.0
10.0;-5.0
12.0;-3.0
11.0;-1.0
13.0;-2.0
15.0;0.0
20.0;3.0
19.0;6.0
20.0;5.0
20.0;7.0
21.0;9.0
21.0;10.0
23.0;12.0
28.0;15.0
26.0;12.0
28.0;12.0
28.0;15.0
29.0;16.0
29.0;14.0
29.0;14.0
29.0;14.0
29.0;15.0
27.0;14.0
29.0;14.0
31.0;16.0
31.0;16.0
33.0;16.0
34.0;15.0
36.0;15.0
37.0;15.0
39.0;17.0
41.0;18.0
43.0;20.0
42.0;21.0
44.0;25.0
48.0;24.0
52.0;27.0
54.0;24.0
57.0;28.0
58.0;29.0
58.0;32.0
60.0;35.0
61.0;37.0
60.0;36.0
59.0;37.0
56.0;39.0
57.0;40.0
59.0;41.0
59.0;41.0
61.0;37.0
62.0;38.0
62.0;43.0
60.0;44.0
62.0;48.0
60.0;43.0
60.0;42.0
61.0;42.0
64.0;44.0
62.0;45.0
66.0;48.0
70.0;50.0
71.0;50.0
70.0;50.0
72.0;50.0
74.0;52.0
74.0;57.0
75.0;55.0
76.0;54.0
80.0;53.0
78.0;55.0
81.0;59.0
81.0;62.0
80.0;60.0
82.0;59.0
84.0;58.0
84.0;58.0
84.0;58.0
85.0;59.0
87.0;59.0
87.0;59.0
85.0;62.0
86.0;59.0
86.0;61.0
85.0;62.0
86.0;62.0
89.0;63.0
91.0;64.0
91.0;63.0
90.0;65.0
89.0;67.0
90.0;66.0
91.0;69.0
92.0;70.0
92.0;67.0
93.0;70.0
94.0;73.0
96.0;74.0
96.0;76.0
98.0;78.0
98.0;80.0
97.0;82.0
96.0;79.0
94.0;80.0
96.0;79.0
100.0;79.0
101.0;79.0
99.0;81.0
98.0;80.0
97.0;79.0
101.0;80.0
101.0;77.0
100.0;78.0
99.0;73.0
99.0;74.0
97.0;74.0
96.0;70.0
94.0;69.0
93.0;69.0
92.0;65.0
91.0;68.0
91.0;69.0
91.0;67.0
91.0;67.0
90.0;62.0
91.0;64.0
89.0;67.0
88.0;71.0
89.0;70.0
90.0;72.0
89.0;70.0
89.0;69.0
87.0;69.0
90.0;68.0
91.0;68.0
95.0;72.0
92.0;69.0
92.0;67.0
90.0;68.0
90.0;66.0
90.0;70.0
90.0;69.0
90.0;67.0
91.0;64.0
91.0;63.0
90.0;64.0
91.0;65.0
90.0;64.0
92.0;65.0
91.0;65.0
91.0;67.0
89.0;69.0
89.0;69.0
88.0;69.0
90.0;71.0
89.0;71.0
90.0;72.0
90.0;73.0
90.0;71.0
87.0;71.0
87.0;72.0
88.0;72.0
88.0;70.0
89.0;71.0
86.0;69.0
85.0;67.0
85.0;69.0
85.0;66.0
86.0;69.0
87.0;69.0
85.0;68.0
89.0;66.0
86.0;63.0
86.0;62.0
85.0;62.0
88.0;60.0
88.0;59.0
86.0;59.0
87.0;59.0
87.0;59.0
89.0;62.0
87.0;64.0
88.0;63.0
88.0;64.0
89.0;62.0
91.0;60.0
90.0;61.0
88.0;61.0
90.0;64.0
91.0;65.0
89.0;64.0
89.0;66.0
89.0;64.0
89.0;66.0
92.0;65.0
92.0;67.0
90.0;66.0
92.0;63.0
93.0;63.0
95.0;60.0
94.0;63.0
92.0;64.0
89.0;62.0
90.0;62.0
90.0;61.0
88.0;60.0
90.0;62.0
91.0;63.0
91.0;66.0
90.0;63.0
89.0;66.0
87.0;66.0
91.0;69.0
90.0;71.0
89.0;70.0
86.0;71.0
91.0;71.0
91.0;73.0
94.0;74.0
90.0;77.0
92.0;77.0
88.0;76.0
87.0;75.0
84.0;76.0
87.0;76.0
88.0;77.0
87.0;76.0
86.0;75.0
85.0;72.0
86.0;73.0
86.0;74.0
86.0;74.0
83.0;71.0
82.0;71.0
82.0;69.0
83.0;68.0
82.0;65.0
86.0;68.0
84.0;71.0
88.0;69.0
85.0;68.0
83.0;65.0
82.0;64.0
85.0;65.0
85.0;67.0
85.0;64.0
82.0;63.0
82.0;60.0
82.0;64.0
83.0;65.0
85.0;68.0
85.0;67.0
83.0;65.0
84.0;61.0
86.0;58.0
83.0;59.0
84.0;60.0
85.0;63.0
83.0;61.0
83.0;63.0
82.0;61.0
81.0;62.0
84.0;61.0
83.0;66.0
82.0;62.0
82.0;59.0
79.0;58.0
76.0;58.0
76.0;59.0
76.0;61.0
73.0;58.0
73.0;56.0
73.0;56.0
71.0;55.0
71.0;54.0
69.0;51.0
68.0;50.0
68.0;48.0
69.0;49.0
70.0;46.0
70.0;44.0
71.0;47.0
71.0;43.0
74.0;42.0
74.0;45.0
73.0;47.0
75.0;49.0
75.0;50.0
74.0;47.0
76.0;46.0
78.0;48.0
79.0;47.0
80.0;50.0
79.0;50.0
79.0;50.0
78.0;50.0
77.0;52.0
75.0;49.0
77.0;54.0
77.0;54.0
77.0;53.0
77.0;51.0
77.0;53.0
78.0;53.0
78.0;53.0
78.0;54.0
75.0;51.0
72.0;54.0
74.0;53.0
74.0;53.0
72.0;54.0
72.0;53.0
71.0;53.0
74.0;55.0
73.0;54.0
71.0;55.0
70.0;56.0
70.0;56.0
68.0;56.0
67.0;56.0
70.0;56.0
68.0;55.0
70.0;57.0
72.0;56.0
69.0;56.0
70.0;58.0
72.0;59.0
72.0;61.0
73.0;62.0
72.0;61.0
73.0;62.0
74.0;60.0
76.0;58.0
77.0;58.0
76.0;56.0
74.0;59.0
76.0;59.0
76.0;59.0
77.0;61.0
78.0;62.0
77.0;61.0
78.0;60.0
78.0;59.0
79.0;58.0
76.0;57.0
75.0;56.0
74.0;56.0
73.0;59.0
73.0;61.0
74.0;63.0
74.0;63.0
77.0;59.0
73.0;57.0
75.0;59.0
72.0;58.0
71.0;56.0
73.0;59.0
72.0;56.0
68.0;56.0
68.0;55.0
69.0;53.0
71.0;54.0
71.0;50.0
69.0;50.0
66.0;50.0
64.0;49.0
64.0;49.0
62.0;51.0
61.0;49.0
59.0;48.0
58.0;47.0
56.0;47.0
58.0;44.0
58.0;47.0
60.0;46.0
60.0;46.0
59.0;50.0
56.0;50.0
59.0;53.0
59.0;53.0
59.0;51.0
59.0;50.0
59.0;52.0
59.0;51.0
61.0;52.0
58.0;51.0
59.0;50.0
57.0;50.0
53.0;48.0
53.0;52.0
53.0;51.0
54.0;51.0
52.0;48.0
54.0;48.0
53.0;48.0
54.0;47.0
54.0;44.0
53.0;41.0
55.0;41.0
56.0;42.0
56.0;43.0
59.0;44.0
59.0;44.0
62.0;45.0
66.0;48.0
65.0;44.0
63.0;46.0
64.0;47.0
66.0;47.0
67.0;47.0
68.0;45.0
68.0;47.0
70.0;48.0
76.0;53.0
73.0;53.0
73.0;54.0
71.0;51.0
74.0;55.0
76.0;56.0
76.0;57.0
76.0;56.0
78.0;58.0
79.0;57.0
81.0;57.0
80.0;58.0
78.0;56.0
78.0;59.0
79.0;61.0
81.0;60.0
79.0;57.0
80.0;61.0
79.0;60.0
82.0;65.0
79.0;60.0
80.0;61.0
79.0;60.0
81.0;59.0
81.0;57.0
80.0;60.0
81.0;61.0
82.0;62.0
86.0;65.0
85.0;62.0
88.0;61.0
86.0;64.0
87.0;67.0
89.0;64.0
94.0;64.0
91.0;61.0
91.0;65.0
89.0;67.0
88.0;67.0
85.0;69.0
86.0;70.0
86.0;69.0
85.0;70.0
86.0;68.0
86.0;68.0
89.0;70.0
83.0;69.0
84.0;70.0
83.0;71.0
82.0;70.0
80.0;69.0
82.0;71.0
84.0;72.0
83.0;69.0
85.0;71.0
88.0;69.0
89.0;71.0
87.0;70.0
88.0;67.0
88.0;66.0
87.0;67.0
84.0;66.0
85.0;69.0
85.0;66.0
87.0;63.0
86.0;65.0
87.0;68.0
88.0;69.0
88.0;68.0
89.0;71.0
89.0;68.0
89.0;72.0
89.0;70.0
93.0;73.0
93.0;77.0
94.0;79.0
95.0;77.0
96.0;79.0
98.0;79.0
99.0;80.0
99.0;83.0
99.0;82.0
101.0;80.0
100.0;79.0
97.0;74.0
100.0;76.0
99.0;80.0
99.0;77.0
101.0;81.0
99.0;81.0
102.0;79.0
103.0;79.0
102.0;79.0
102.0;78.0
102.0;82.0
102.0;82.0
102.0;80.0
104.0;83.0
104.0;83.0
106.0;84.0
107.0;87.0
106.0;85.0
107.0;83.0
108.0;83.0
108.0;82.0
110.0;82.0
108.0;83.0
106.0;84.0
106.0;86.0
106.0;87.0
107.0;83.0
112.0;85.0
111.0;86.0
111.0;85.0
113.0;88.0
112.0;88.0
116.0;87.0
116.0;90.0
114.0;90.0
116.0;91.0
117.0;89.0
118.0;92.0
119.0;93.0
122.0;89.0
124.0;91.0
127.0;92.0
128.0;96.0
125.0;97.0
129.0;98.0
130.0;101.0
128.0;99.0
131.0;101.0
131.0;103.0
131.0;102.0
134.0;102.0
135.0;103.0
134.0;106.0
136.0;104.0
136.0;104.0
136.0;108.0
136.0;108.0
134.0;109.0
133.0;109.0
132.0;108.0
130.0;109.0
130.0;108.0
130.0;107.0
128.0;107.0
128.0;107.0
131.0;107.0
132.0;108.0
132.0;112.0
130.0;109.0
127.0;108.0
127.0;108.0
126.0;108.0
127.0;105.0
128.0;103.0
126.0;101.0
126.0;102.0
126.0;102.0
127.0;102.0
128.0;101.0
125.0;100.0
126.0;100.0
124.0;98.0
121.0;95.0
117.0;93.0
119.0;94.0
120.0;93.0
118.0;92.0
117.0;89.0
115.0;88.0
115.0;86.0
115.0;85.0
114.0;80.0
111.0;78.0
110.0;76.0
109.0;75.0
108.0;78.0
105.0;76.0
105.0;77.0
105.0;78.0
106.0;75.0
104.0;78.0
102.0;77.0
104.0;78.0
102.0;81.0
103.0;81.0
100.0;83.0
99.0;82.0
96.0;83.0
96.0;82.0
96.0;83.0
96.0;84.0
99.0;82.0
99.0;81.0
96.0;77.0
95.0;77.0
94.0;77.0
95.0;75.0
96.0;75.0
94.0;75.0
94.0;72.0
92.0;71.0
94.0;71.0
94.0;72.0
94.0;74.0
95.0;76.0
94.0;76.0
92.0;78.0
92.0;77.0
93.0;80.0
95.0;83.0
98.0;85.0
95.0;83.0
97.0;85.0
98.0;85.0
99.0;87.0
102.0;87.0
102.0;88.0
101.0;85.0
104.0;85.0
110.0;86.0
110.0;84.0
112.0;84.0
114.0;84.0
113.0;85.0
116.0;85.0
118.0;84.0
118.0;84.0
122.0;90.0
119.0;89.0
118.0;88.0
120.0;90.0
119.0;93.0
121.0;94.0
123.0;100.0
123.0;99.0
122.0;98.0
120.0;101.0
122.0;103.0
121.0;102.0
122.0;102.0
120.0;100.0
120.0;99.0
118.0;99.0
117.0;98.0
120.0;98.0
119.0;97.0
117.0;95.0
119.0;94.0
118.0;97.0
119.0;96.0
117.0;97.0
113.0;96.0
114.0;94.0
115.0;96.0
116.0;96.0
118.0;94.0
117.0;96.0
116.0;97.0
117.0;101.0
119.0;101.0
122.0;102.0
125.0;103.0
124.0;104.0
124.0;104.0
125.0;103.0
125.0;103.0
127.0;105.0
129.0;105.0
131.0;106.0
133.0;105.0
136.0;109.0
134.0;114.0
137.0;117.0
139.0;115.0
138.0;114.0
140.0;114.0
138.0;114.0
138.0;115.0
142.0;119.0
142.0;120.0
145.0;121.0
145.0;118.0
146.0;119.0
147.0;122.0
146.0;124.0
146.0;125.0
144.0;124.0
143.0;122.0
144.0;122.0
144.0;124.0
146.0;125.0
148.0;126.0
147.0;125.0
148.0;123.0
146.0;121.0
148.0;124.0
146.0;126.0
147.0;125.0
145.0;123.0
146.0;124.0
147.0;124.0
146.0;125.0
147.0;124.0
150.0;124.0
149.0;122.0
149.0;121.0
149.0;122.0
147.0;123.0
148.0;124.0
146.0;123.0
146.0;123.0
146.0;120.0
147.0;118.0
149.0;122.0
151.0;123.0
151.0;120.0
149.0;120.0
150.0;119.0
152.0;118.0
151.0;118.0
148.0;119.0
152.0;119.0
150.0;119.0
151.0;116.0
150.0;116.0
151.0;116.0
153.0;115.0
153.0;111.0
152.0;112.0
150.0;113.0
148.0;111.0
147.0;113.0
150.0;113.0
149.0;112.0
147.0;110.0
148.0;108.0
151.0;108.0
149.0;109.0
152.0;110.0
151.0;109.0
152.0;112.0
153.0;113.0
151.0;113.0
150.0;116.0
150.0;114.0
150.0;112.0
151.0;110.0
152.0;110.0
150.0;108.0
150.0;108.0
150.0;107.0
148.0;110.0
144.0;109.0
143.0;109.0
142.0;106.0
141.0;106.0
140.0;103.0
140.0;100.0
138.0;101.0
138.0;101.0
137.0;101.0
136.0;102.0
136.0;103.0
132.0;101.0
130.0;102.0
129.0;100.0
128.0;101.0
128.0;99.0
128.0;100.0
125.0;96.0
125.0;95.0
124.0;97.0
122.0;95.0
120.0;97.0
117.0;93.0
115.0;89.0
113.0;89.0
111.0;85.0
110.0;86.0
109.0;87.0
107.0;83.0
104.0;82.0
102.0;83.0
100.0;79.0
101.0;79.0
103.0;80.0
99.0;76.0
98.0;74.0
99.0;73.0
100.0;69.0
103.0;71.0
102.0;69.0
101.0;67.0
101.0;70.0
101.0;66.0
100.0;65.0
100.0;68.0
101.0;70.0
100.0;67.0
100.0;69.0
96.0;66.0
94.0;66.0
93.0;67.0
95.0;68.0
94.0;69.0
92.0;72.0
88.0;72.0
90.0;74.0
90.0;75.0
89.0;73.0
90.0;72.0
90.0;73.0
92.0;74.0
92.0;73.0
93.0;71.0
93.0;70.0
95.0;72.0
95.0;72.0
97.0;74.0
97.0;73.0
95.0;70.0
97.0;69.0
99.0;69.0
97.0;70.0
96.0;71.0
99.0;71.0
96.0;71.0
97.0;68.0
97.0;65.0
97.0;67.0
97.0;71.0
98.0;74.0
97.0;69.0
97.0;71.0
98.0;67.0
97.0;70.0
97.0;72.0
96.0;72.0
91.0;72.0
93.0;69.0
94.0;67.0
93.0;71.0
98.0;71.0
95.0;72.0
97.0;74.0
96.0;70.0
96.0;68.0
97.0;68.0
100.0;70.0
98.0;71.0
101.0;73.0
99.0;72.0
101.0;74.0
101.0;74.0
105.0;76.0
105.0;76.0
107.0;77.0
105.0;75.0
105.0;75.0
105.0;75.0
104.0;76.0
103.0;77.0
104.0;80.0
105.0;83.0
103.0;85.0
105.0;84.0
106.0;86.0
107.0;87.0
108.0;84.0
107.0;86.0
109.0;85.0
109.0;89.0
107.0;92.0
110.0;95.0
110.0;99.0
112.0;101.0
116.0;103.0
119.0;105.0
120.0;106.0
120.0;107.0
124.0;109.0
127.0;114.0
126.0;116.0
128.0;114.0
130.0;119.0
133.0;120.0
133.0;121.0
137.0;121.0
141.0;119.0
141.0;116.0
143.0;117.0
144.0;120.0
143.0;120.0
145.0;121.0
147.0;122.0
146.0;119.0
148.0;119.0
147.0;119.0
148.0;117.0
150.0;121.0
150.0;121.0
151.0;120.0
150.0;119.0
150.0;120.0
149.0;123.0
150.0;126.0
149.0;123.0
149.0;121.0
148.0;121.0
149.0;121.0
147.0;123.0
